<?xml version="1.0" encoding="UTF-8"?>
<sk:systemKeys xmlns:sk="http://pingidentity.com/2018/01/system-keys">
    <sk:currentKey>
        <sk:key>eyJhbGciOiJkaXIiLCJlbmMiOiJBMTI4Q0JDLUhTMjU2Iiwia2lkIjoiTUpxc1BRR3QyYSIsInZlcnNpb24iOiIxMS4wLjcuMCIsInppcCI6IkRFRiJ9..h-g9yBeTy_bS9DXvNUA_2g.dKPAZRRFGDrn0olTCR0GhwwbfutLW7tr1ISGV7cD_f3skqIXKgVKZh390ytWVZVr.xCKWxm39iGYkfP6kZ0OdAQ</sk:key>
        <sk:generatedTime>2024-03-19T08:42:19.904-05:00</sk:generatedTime>
    </sk:currentKey>
    <sk:previousKey xsi:nil="true" xmlns:xsi="http://www.w3.org/2001/XMLSchema-instance"/>
    <sk:pendingKey>
        <sk:key>eyJhbGciOiJkaXIiLCJlbmMiOiJBMTI4Q0JDLUhTMjU2Iiwia2lkIjoiTUpxc1BRR3QyYSIsInZlcnNpb24iOiIxMS4wLjcuMCIsInppcCI6IkRFRiJ9..9Svl21ROJrfve8claQ79lg.knZcL1L3QrXrJ7hG1QBthjKKNmu7vRLgXRayhM1-LVNFyziq8lYmkc-cGZao6eNT.Ma7dTj7X44jER5Bum3pU0A</sk:key>
        <sk:generatedTime>2024-03-19T08:42:19.904-05:00</sk:generatedTime>
    </sk:pendingKey>
</sk:systemKeys>